name,sector,fit_t_start,fit_t_stop,fit_width,td_Momega_real,td_Momega_imag_abs,relative_residual
Schwarzschild_scalar_l2,scalar,40.0,100.0,60.0,0.47866739085171167,0.09574269544316383,0.02813438541033792
Schwarzschild_scalar_l2,scalar,50.0,110.0,60.0,0.48359172775793374,0.09802328811547881,0.005570598969500614
Schwarzschild_scalar_l2,scalar,60.0,120.0,60.0,0.4831534528834801,0.09468003528585531,0.011402762192977024
Schwarzschild_scalar_l2,scalar,70.0,130.0,60.0,0.48384924637014015,0.0960424326145809,0.003471568752434778
Schwarzschild_scalar_l2,scalar,80.0,140.0,60.0,0.4836494929008631,0.09658757978260045,0.0008848908428465116
Schwarzschild_scalar_l2,scalar,90.0,150.0,60.0,0.4839167465551784,0.09404957139705157,0.013603910538262433
Schwarzschild_scalar_l2,scalar,100.0,160.0,60.0,0.4840516904995567,0.09795698017155083,0.007130070302591858
Schwarzschild_scalar_l2,scalar,110.0,170.0,60.0,0.48383488070189473,0.09227196251871096,0.022494684077880026
Schwarzschild_scalar_l2,scalar,120.0,180.0,60.0,0.4841671517070902,0.09880924793925606,0.01149792743172183
Schwarzschild_scalar_l2,scalar,130.0,190.0,60.0,0.4833466843727804,0.09143956144556753,0.02727254120751827
Schwarzschild_scalar_l2,scalar,140.0,200.0,60.0,0.4838558395532738,0.09886321380383077,0.010837254508237625
Schwarzschild_scalar_l2,scalar,150.0,210.0,60.0,0.48308483523704265,0.09162505967766742,0.026253960921753285
Schwarzschild_scalar_l2,scalar,160.0,220.0,60.0,0.48392066374696935,0.0985947322010351,0.01017505417597369
Schwarzschild_scalar_l2,scalar,40.0,110.0,70.0,0.4787756226369312,0.0963220944921582,0.025957898731490882
Schwarzschild_scalar_l2,scalar,50.0,120.0,70.0,0.48358484230773846,0.0979028712126666,0.004996197103210748
Schwarzschild_scalar_l2,scalar,60.0,130.0,70.0,0.4832257378040941,0.09495578752456518,0.009867703582801755
Schwarzschild_scalar_l2,scalar,70.0,140.0,70.0,0.4838220963419247,0.09615975377151396,0.0028534778192712868
Schwarzschild_scalar_l2,scalar,80.0,150.0,70.0,0.4836518522862966,0.09659552798307271,0.0008452525853907436
Schwarzschild_scalar_l2,scalar,90.0,160.0,70.0,0.4838694091361623,0.09445388210855218,0.011527704090711443
Schwarzschild_scalar_l2,scalar,100.0,170.0,70.0,0.4839936653960295,0.09776069175351683,0.006011067668319801
Schwarzschild_scalar_l2,scalar,110.0,180.0,70.0,0.48381095110900424,0.09292148902688849,0.019133202111634315
Schwarzschild_scalar_l2,scalar,120.0,190.0,70.0,0.4840982164642791,0.09850766158417577,0.009844033878882835
Schwarzschild_scalar_l2,scalar,130.0,200.0,70.0,0.48337837887951246,0.09220958720289821,0.023266412366268925
Schwarzschild_scalar_l2,scalar,140.0,210.0,70.0,0.4838084689758257,0.09854108583735707,0.00918162057066719
Schwarzschild_scalar_l2,scalar,150.0,220.0,70.0,0.4831801975488746,0.09232135570978758,0.022529874044235593
Schwarzschild_scalar_l2,scalar,160.0,230.0,70.0,0.48392544575106256,0.09835188240038184,0.009107797081214572
Schwarzschild_scalar_l2,scalar,40.0,120.0,80.0,0.4788608749212987,0.09677013454321046,0.0243914457509708
Schwarzschild_scalar_l2,scalar,50.0,130.0,80.0,0.4835853461518198,0.09779926916652117,0.004494425141255345
Schwarzschild_scalar_l2,scalar,60.0,140.0,80.0,0.48328478445967765,0.09517920215916248,0.008618344206399129
Schwarzschild_scalar_l2,scalar,70.0,150.0,80.0,0.48380811628334636,0.09623009541559827,0.0024863925394367306
Schwarzschild_scalar_l2,scalar,80.0,160.0,80.0,0.48365834870511754,0.09661724821964388,0.0007277454934153163
Schwarzschild_scalar_l2,scalar,90.0,170.0,80.0,0.4838396458640566,0.09473938459580358,0.010064100992588525
Schwarzschild_scalar_l2,scalar,100.0,180.0,80.0,0.48395421303834124,0.09762533022913297,0.00523716705758733
Schwarzschild_scalar_l2,scalar,110.0,190.0,80.0,0.48379725241850297,0.09339633395420663,0.01667843121259245
Schwarzschild_scalar_l2,scalar,120.0,200.0,80.0,0.48405005716391025,0.09828768732073481,0.00864089073552699
Schwarzschild_scalar_l2,scalar,130.0,210.0,80.0,0.48340507831887763,0.09278456759465198,0.02027594874861319
Schwarzschild_scalar_l2,scalar,140.0,220.0,80.0,0.4837764175385089,0.09829845001951014,0.007938179067013999
Schwarzschild_scalar_l2,scalar,150.0,230.0,80.0,0.48325532626657564,0.092850454140216,0.01970382280667559
Schwarzschild_scalar_l2,scalar,160.0,240.0,80.0,0.4839344750476677,0.09816222674624467,0.00830545952501243
Schwarzschild_scalar_l2,scalar,40.0,140.0,100.0,0.47898054256887557,0.09738850539014687,0.022457923589091267
Schwarzschild_scalar_l2,scalar,50.0,150.0,100.0,0.4835870515066074,0.09765885827507696,0.0038164840342094267
Schwarzschild_scalar_l2,scalar,60.0,160.0,100.0,0.4833669865532323,0.09548659257574096,0.006901002464728772
Schwarzschild_scalar_l2,scalar,70.0,170.0,100.0,0.48379025190357167,0.09632899545059918,0.001975981860047887
Schwarzschild_scalar_l2,scalar,80.0,180.0,100.0,0.48366727227171236,0.09664687353753926,0.000571489658838014
Schwarzschild_scalar_l2,scalar,90.0,190.0,100.0,0.4838008007691217,0.095134161238463,0.008056726246948417
Schwarzschild_scalar_l2,scalar,100.0,200.0,100.0,0.48389987742442464,0.09743940263974374,0.004172247788262466
Schwarzschild_scalar_l2,scalar,110.0,210.0,100.0,0.483781306742235,0.09405151364988934,0.01332043379148657
Schwarzschild_scalar_l2,scalar,120.0,220.0,100.0,0.4839845879652827,0.0979863880234741,0.006992629159802087
Schwarzschild_scalar_l2,scalar,130.0,230.0,100.0,0.4834447534939782,0.0935781314364613,0.016189513000860807
Schwarzschild_scalar_l2,scalar,140.0,240.0,100.0,0.48373302452646716,0.09796611213564509,0.0062427162384497805
Schwarzschild_scalar_l2,scalar,150.0,250.0,100.0,0.4833619416215527,0.09357929592930928,0.01584100018816645
Schwarzschild_scalar_l2,scalar,160.0,260.0,100.0,0.4839496374345659,0.09790373249901632,0.0072823655277681094
Schwarzschild_EM_l2,electromagnetic,40.0,100.0,60.0,0.45224484013803123,0.09036590354248926,0.038576795211902305
Schwarzschild_EM_l2,electromagnetic,50.0,110.0,60.0,0.45783440912634416,0.09734734569069063,0.011894584077415402
Schwarzschild_EM_l2,electromagnetic,60.0,120.0,60.0,0.4578958424465326,0.0908442799783654,0.02135796614143785
Schwarzschild_EM_l2,electromagnetic,70.0,130.0,60.0,0.4578961141538022,0.09585200445585308,0.005059946718493887
Schwarzschild_EM_l2,electromagnetic,80.0,140.0,60.0,0.45785927071248644,0.09300169257055457,0.010244047502981642
Schwarzschild_EM_l2,electromagnetic,90.0,150.0,60.0,0.4573443295087635,0.09392609559081642,0.0059843614510778935
Schwarzschild_EM_l2,electromagnetic,100.0,160.0,60.0,0.4576957972744003,0.09514384281846826,0.0009532765202036865
Schwarzschild_EM_l2,electromagnetic,110.0,170.0,60.0,0.4568629224334619,0.09175737446381865,0.01803096453156744
Schwarzschild_EM_l2,electromagnetic,120.0,180.0,60.0,0.4575569067750763,0.09656902304534745,0.007889057463044738
Schwarzschild_EM_l2,electromagnetic,130.0,190.0,60.0,0.4569037827393695,0.08988330023142557,0.02709896072281486
Schwarzschild_EM_l2,electromagnetic,140.0,200.0,60.0,0.45789303296721057,0.09727536685562276,0.012152351039868451
Schwarzschild_EM_l2,electromagnetic,150.0,210.0,60.0,0.45720911950403087,0.0894373211890245,0.02937016591146532
Schwarzschild_EM_l2,electromagnetic,160.0,220.0,60.0,0.4579605835702447,0.09692267793336917,0.010965638541404473
Schwarzschild_EM_l2,electromagnetic,40.0,110.0,70.0,0.45225646100503414,0.09122759280722957,0.03471512288858593
Schwarzschild_EM_l2,electromagnetic,50.0,120.0,70.0,0.457763544747218,0.09705806532006474,0.010281751846473746
Schwarzschild_EM_l2,electromagnetic,60.0,130.0,70.0,0.4578570726733369,0.09144780656596943,0.018160604567161193
Schwarzschild_EM_l2,electromagnetic,70.0,140.0,70.0,0.4578611704685175,0.09573481842531448,0.004376190552439482
Schwarzschild_EM_l2,electromagnetic,80.0,150.0,70.0,0.45781850121219764,0.09328098555873043,0.008774046946994012
Schwarzschild_EM_l2,electromagnetic,90.0,160.0,70.0,0.45738996793410547,0.09408454801877379,0.005067627193927393
Schwarzschild_EM_l2,electromagnetic,100.0,170.0,70.0,0.4576908133438676,0.09510771484182376,0.0007880129797379194
Schwarzschild_EM_l2,electromagnetic,110.0,180.0,70.0,0.45697295714764197,0.0922430437393092,0.01530722180739054
Schwarzschild_EM_l2,electromagnetic,120.0,190.0,70.0,0.4575577507824506,0.09632102996389513,0.0066527198255206576
Schwarzschild_EM_l2,electromagnetic,130.0,200.0,70.0,0.45701130392502637,0.09062141970913123,0.023047314375418283
Schwarzschild_EM_l2,electromagnetic,140.0,210.0,70.0,0.45786563208540604,0.09694092017044614,0.01045201330682625
Schwarzschild_EM_l2,electromagnetic,150.0,220.0,70.0,0.45724438257921646,0.09026624427347912,0.024944602581474226
Schwarzschild_EM_l2,electromagnetic,160.0,230.0,70.0,0.4578824807460835,0.0965987610053495,0.00921824458093652
Schwarzschild_EM_l2,electromagnetic,40.0,120.0,80.0,0.4522676218215731,0.09184487371555597,0.03211099425853657
Schwarzschild_EM_l2,electromagnetic,50.0,130.0,80.0,0.4577126093087638,0.0968538240967234,0.009138507993272118
Schwarzschild_EM_l2,electromagnetic,60.0,140.0,80.0,0.457832081238337,0.09188010318000304,0.015899853217459316
Schwarzschild_EM_l2,electromagnetic,70.0,150.0,80.0,0.4578359149006525,0.0956517555102537,0.003888088679219749
Schwarzschild_EM_l2,electromagnetic,80.0,160.0,80.0,0.45779068247739546,0.09348341385402863,0.0077236780711160725
Schwarzschild_EM_l2,electromagnetic,90.0,170.0,80.0,0.4574229671700547,0.09419686165674955,0.00441552398067721
Schwarzschild_EM_l2,electromagnetic,100.0,180.0,80.0,0.4576872762384234,0.09508610717602364,0.0006935426063454774
Schwarzschild_EM_l2,electromagnetic,110.0,190.0,80.0,0.45705331174272773,0.09258890892117028,0.013372986482780482
Schwarzschild_EM_l2,electromagnetic,120.0,200.0,80.0,0.457557673873591,0.09614839707807238,0.005793825333452313
Schwarzschild_EM_l2,electromagnetic,130.0,210.0,80.0,0.4570910638590881,0.09114766858695023,0.020178196155833848
Schwarzschild_EM_l2,electromagnetic,140.0,220.0,80.0,0.4578460227906958,0.09670622651868035,0.00926479503575572
Schwarzschild_EM_l2,electromagnetic,150.0,230.0,80.0,0.4572724934192712,0.09085882881506885,0.021829675947663565
Schwarzschild_EM_l2,electromagnetic,160.0,240.0,80.0,0.45782553205155746,0.09636947046707987,0.007995362777000725
Schwarzschild_EM_l2,electromagnetic,40.0,140.0,100.0,0.4522849032327272,0.09272404321972141,0.028580356996156926
Schwarzschild_EM_l2,electromagnetic,50.0,150.0,100.0,0.45764019711854137,0.09655938794839627,0.007497047558654626
Schwarzschild_EM_l2,electromagnetic,60.0,160.0,100.0,0.4577964127020852,0.09250339771040433,0.01265542520850886
Schwarzschild_EM_l2,electromagnetic,70.0,170.0,100.0,0.45779715801563686,0.09552362553273325,0.0031351205486496807
Schwarzschild_EM_l2,electromagnetic,80.0,180.0,100.0,0.45774958031222845,0.093783567386102,0.006167115033942404
Schwarzschild_EM_l2,electromagnetic,90.0,190.0,100.0,0.45746583181818123,0.09434268309612481,0.003569923946893188
Schwarzschild_EM_l2,electromagnetic,100.0,200.0,100.0,0.45768060507928027,0.09506722248524155,0.0006130149827816834
Schwarzschild_EM_l2,electromagnetic,110.0,210.0,100.0,0.45716492154923727,0.09306771893839726,0.010707285930059419
Schwarzschild_EM_l2,electromagnetic,120.0,220.0,100.0,0.45755745270259796,0.09591116122466567,0.0046105743127383796
Schwarzschild_EM_l2,electromagnetic,130.0,230.0,100.0,0.45720407599306145,0.09188794451697045,0.016167334475422564
Schwarzschild_EM_l2,electromagnetic,140.0,240.0,100.0,0.4578200476933702,0.09637586745892476,0.0075907327792414355
Schwarzschild_EM_l2,electromagnetic,150.0,250.0,100.0,0.45731285127676835,0.09170201741696465,0.01744109708695735
Schwarzschild_EM_l2,electromagnetic,160.0,260.0,100.0,0.4577441445340424,0.09604023496829561,0.0063219058253904566
Schwarzschild_ReggeWheeler_l2,gravitational_odd,40.0,100.0,60.0,0.37102712714465685,0.08754231523745824,0.01439983838543598
Schwarzschild_ReggeWheeler_l2,gravitational_odd,50.0,110.0,60.0,0.3731284524270749,0.08965957926885536,0.003956878056642148
Schwarzschild_ReggeWheeler_l2,gravitational_odd,60.0,120.0,60.0,0.37402073560717136,0.08431063626780712,0.025779154329307604
Schwarzschild_ReggeWheeler_l2,gravitational_odd,70.0,130.0,60.0,0.37296087972919184,0.08246189345478194,0.036637980468696256
Schwarzschild_ReggeWheeler_l2,gravitational_odd,80.0,140.0,60.0,0.3732480765427702,0.08748379111554214,0.0091829439304671
Schwarzschild_ReggeWheeler_l2,gravitational_odd,90.0,150.0,60.0,0.3742189142971169,0.09116506653981786,0.013672338720458291
Schwarzschild_ReggeWheeler_l2,gravitational_odd,100.0,160.0,60.0,0.3736102928099103,0.09069631243612833,0.009377528438515246
Schwarzschild_ReggeWheeler_l2,gravitational_odd,110.0,170.0,60.0,0.37412802210560026,0.08592968159530492,0.016729647350481807
Schwarzschild_ReggeWheeler_l2,gravitational_odd,120.0,180.0,60.0,0.3733703546925981,0.08210152534009006,0.03807186188573399
Schwarzschild_ReggeWheeler_l2,gravitational_odd,130.0,190.0,60.0,0.37287876687833615,0.08588583484555218,0.018643686544495844
Schwarzschild_ReggeWheeler_l2,gravitational_odd,140.0,200.0,60.0,0.3741630405421865,0.09054475317530568,0.010313870565507945
Schwarzschild_ReggeWheeler_l2,gravitational_odd,150.0,210.0,60.0,0.37378316364528974,0.09128265339034151,0.012868993523360728
Schwarzschild_ReggeWheeler_l2,gravitational_odd,160.0,220.0,60.0,0.3738431187671297,0.08756743557512257,0.008069022567823428
Schwarzschild_ReggeWheeler_l2,gravitational_odd,40.0,110.0,70.0,0.37094238187001355,0.08714317263637458,0.015013736715654903
Schwarzschild_ReggeWheeler_l2,gravitational_odd,50.0,120.0,70.0,0.37312269095157774,0.08955952088727899,0.003509255885974915
Schwarzschild_ReggeWheeler_l2,gravitational_odd,60.0,130.0,70.0,0.373929889062237,0.085034041300066,0.02167848375953702
Schwarzschild_ReggeWheeler_l2,gravitational_odd,70.0,140.0,70.0,0.37305755660598305,0.08341123468468,0.03113046679260938
Schwarzschild_ReggeWheeler_l2,gravitational_odd,80.0,150.0,70.0,0.3733041924659765,0.08767818137394152,0.007992977292634023
Schwarzschild_ReggeWheeler_l2,gravitational_odd,90.0,160.0,70.0,0.374128594281603,0.09080948749980203,0.011494876645072549
Schwarzschild_ReggeWheeler_l2,gravitational_odd,100.0,170.0,70.0,0.3736156276217894,0.09044564790271335,0.00805640043262794
Schwarzschild_ReggeWheeler_l2,gravitational_odd,110.0,180.0,70.0,0.374040223007693,0.08641245753456642,0.013992559595412535
Schwarzschild_ReggeWheeler_l2,gravitational_odd,120.0,190.0,70.0,0.3734095980126361,0.08311594290095106,0.032236272872541126
Schwarzschild_ReggeWheeler_l2,gravitational_odd,130.0,200.0,70.0,0.3729869722029355,0.08632241507589228,0.0160244908204157
Schwarzschild_ReggeWheeler_l2,gravitational_odd,140.0,210.0,70.0,0.37407927147229886,0.09026967346397595,0.008594304378314788
Schwarzschild_ReggeWheeler_l2,gravitational_odd,150.0,220.0,70.0,0.37377477822175925,0.09094302804096253,0.011057693117678844
Schwarzschild_ReggeWheeler_l2,gravitational_odd,160.0,230.0,70.0,0.3737765166279826,0.08780346476407722,0.00677270789013798
Schwarzschild_ReggeWheeler_l2,gravitational_odd,40.0,120.0,80.0,0.37088678236098904,0.08687187746227282,0.01569584181060558
Schwarzschild_ReggeWheeler_l2,gravitational_odd,50.0,130.0,80.0,0.37312900484216716,0.08946174127058706,0.003054116589235378
Schwarzschild_ReggeWheeler_l2,gravitational_odd,60.0,140.0,80.0,0.3738785718520881,0.08550069294346098,0.019071530610345302
Schwarzschild_ReggeWheeler_l2,gravitational_odd,70.0,150.0,80.0,0.37313265814554747,0.08408570672176292,0.027219989797855407
Schwarzschild_ReggeWheeler_l2,gravitational_odd,80.0,160.0,80.0,0.37335613943618684,0.08785349134182316,0.006902425950757978
Schwarzschild_ReggeWheeler_l2,gravitational_odd,90.0,170.0,80.0,0.37407143107491203,0.09058076663882123,0.010087371053706398
Schwarzschild_ReggeWheeler_l2,gravitational_odd,100.0,180.0,80.0,0.3736266664361861,0.09025317055689212,0.007055707592067816
Schwarzschild_ReggeWheeler_l2,gravitational_odd,110.0,190.0,80.0,0.373992841636135,0.08670735141159015,0.012351673993767947
Schwarzschild_ReggeWheeler_l2,gravitational_odd,120.0,200.0,80.0,0.37344416270567665,0.08381974644420156,0.028204646468585847
Schwarzschild_ReggeWheeler_l2,gravitational_odd,130.0,210.0,80.0,0.37307469873550225,0.08666521735125365,0.01394471871031871
Schwarzschild_ReggeWheeler_l2,gravitational_odd,140.0,220.0,80.0,0.37402909172887033,0.09010522602798629,0.007553810108238256
Schwarzschild_ReggeWheeler_l2,gravitational_odd,150.0,230.0,80.0,0.3737740823249732,0.09069948587669498,0.009797626329785139
Schwarzschild_ReggeWheeler_l2,gravitational_odd,160.0,240.0,80.0,0.37374333893435935,0.08792818403709782,0.006137795575377273
Schwarzschild_ReggeWheeler_l2,gravitational_odd,40.0,140.0,100.0,0.3708087746915414,0.0864851548712557,0.016854921445564292
Schwarzschild_ReggeWheeler_l2,gravitational_odd,50.0,150.0,100.0,0.3731326236407868,0.0893467132347538,0.0025590530746881163
Schwarzschild_ReggeWheeler_l2,gravitational_odd,60.0,160.0,100.0,0.37380200542576025,0.08619304121925467,0.015223514290703856
Schwarzschild_ReggeWheeler_l2,gravitational_odd,70.0,170.0,100.0,0.373239517563776,0.0850389519704323,0.02175294529004804
Schwarzschild_ReggeWheeler_l2,gravitational_odd,80.0,180.0,100.0,0.3734211968366176,0.08807266640031432,0.005545917892136143
Schwarzschild_ReggeWheeler_l2,gravitational_odd,90.0,190.0,100.0,0.37398850488955676,0.09024468283308905,0.008018003773250357
Schwarzschild_ReggeWheeler_l2,gravitational_odd,100.0,200.0,100.0,0.37363987451829983,0.08999622190652014,0.005705400477551328
Schwarzschild_ReggeWheeler_l2,gravitational_odd,110.0,210.0,100.0,0.37391943676287315,0.08715878844924836,0.00984148385578437
Schwarzschild_ReggeWheeler_l2,gravitational_odd,120.0,220.0,100.0,0.37349414166071165,0.08482599633814875,0.022503741039990522
Schwarzschild_ReggeWheeler_l2,gravitational_odd,130.0,230.0,100.0,0.3731926730091229,0.08712478173048893,0.01117803380627571
Schwarzschild_ReggeWheeler_l2,gravitational_odd,140.0,240.0,100.0,0.3739525234066997,0.08985275067594994,0.0059669614147374525
Schwarzschild_ReggeWheeler_l2,gravitational_odd,150.0,250.0,100.0,0.3737736905728251,0.09036241681751317,0.008035464317734298
Schwarzschild_ReggeWheeler_l2,gravitational_odd,160.0,260.0,100.0,0.37368809032461814,0.08813749939646488,0.005083845607408299
Schwarzschild_Zerilli_l2,gravitational_even,40.0,100.0,60.0,0.3704807191072756,0.08761744225540269,0.01609457720629126
Schwarzschild_Zerilli_l2,gravitational_even,50.0,110.0,60.0,0.37298664474196475,0.09079524894040342,0.009609952069097559
Schwarzschild_Zerilli_l2,gravitational_even,60.0,120.0,60.0,0.3739881273262361,0.08592490910241864,0.016981455677611536
Schwarzschild_Zerilli_l2,gravitational_even,70.0,130.0,60.0,0.373354837738682,0.08211124011893088,0.038067390532056544
Schwarzschild_Zerilli_l2,gravitational_even,80.0,140.0,60.0,0.3728784876068352,0.0858837478152148,0.018617027830689994
Schwarzschild_Zerilli_l2,gravitational_even,90.0,150.0,60.0,0.3741777767237591,0.0905791001390462,0.010463190012341103
Schwarzschild_Zerilli_l2,gravitational_even,100.0,160.0,60.0,0.373732478343151,0.091247160781451,0.012467841960884449
Schwarzschild_Zerilli_l2,gravitational_even,110.0,170.0,60.0,0.3739393968216941,0.08756529660390526,0.007750839717858387
Schwarzschild_Zerilli_l2,gravitational_even,120.0,180.0,60.0,0.37379915746499387,0.08244637482451418,0.03582688827105525
Schwarzschild_Zerilli_l2,gravitational_even,130.0,190.0,60.0,0.3726944503394845,0.08433418598705496,0.027279120502365313
Schwarzschild_Zerilli_l2,gravitational_even,140.0,200.0,60.0,0.3739165744483465,0.0896003328117541,0.004485725775478914
Schwarzschild_Zerilli_l2,gravitational_even,150.0,210.0,60.0,0.374014503808695,0.09152891377320327,0.014750107695380061
Schwarzschild_Zerilli_l2,gravitational_even,160.0,220.0,60.0,0.37359322931688466,0.08899402523519155,0.0013933413541635717
Schwarzschild_Zerilli_l2,gravitational_even,40.0,110.0,70.0,0.3703732407154143,0.08722627168209972,0.01646777012397523
Schwarzschild_Zerilli_l2,gravitational_even,50.0,120.0,70.0,0.37299153524925527,0.09054978224631653,0.008353477767491544
Schwarzschild_Zerilli_l2,gravitational_even,60.0,130.0,70.0,0.3738994179508396,0.08641187036544738,0.014225135432800554
Schwarzschild_Zerilli_l2,gravitational_even,70.0,140.0,70.0,0.373393981716819,0.08312648706474758,0.032229810755832325
Schwarzschild_Zerilli_l2,gravitational_even,80.0,150.0,70.0,0.37298646536790037,0.0863173412752157,0.01600855199060866
Schwarzschild_Zerilli_l2,gravitational_even,90.0,160.0,70.0,0.3740954174672777,0.09030578837791303,0.008745174041988922
Schwarzschild_Zerilli_l2,gravitational_even,100.0,170.0,70.0,0.37372013460236625,0.09090642953527571,0.010635907676936352
Schwarzschild_Zerilli_l2,gravitational_even,110.0,180.0,70.0,0.37388005739889824,0.08780011532210083,0.006409576159172809
Schwarzschild_Zerilli_l2,gravitational_even,120.0,190.0,70.0,0.3737752620244255,0.0834240237749383,0.030238800414475967
Schwarzschild_Zerilli_l2,gravitational_even,130.0,200.0,70.0,0.37282641021154483,0.08500522455407866,0.023319739215659958
Schwarzschild_Zerilli_l2,gravitational_even,140.0,210.0,70.0,0.37387172997436074,0.08946101231993603,0.003638733727048441
Schwarzschild_Zerilli_l2,gravitational_even,150.0,220.0,70.0,0.37397249496662216,0.09114853781169917,0.01262962910400497
Schwarzschild_Zerilli_l2,gravitational_even,160.0,230.0,70.0,0.37356103062747664,0.08900559319533097,0.0015619997071497816
Schwarzschild_Zerilli_l2,gravitational_even,40.0,120.0,80.0,0.3703028859669573,0.08696900789840203,0.01695207575596323
Schwarzschild_Zerilli_l2,gravitational_even,50.0,130.0,80.0,0.3730021590152956,0.09036060946023934,0.00739169180146329
Schwarzschild_Zerilli_l2,gravitational_even,60.0,140.0,80.0,0.373851391542009,0.08670971385926325,0.012573218247504004
Schwarzschild_Zerilli_l2,gravitational_even,70.0,150.0,80.0,0.37342841145222694,0.08383102877097454,0.028196407576527728
Schwarzschild_Zerilli_l2,gravitational_even,80.0,160.0,80.0,0.3730740800871144,0.08665793082443089,0.013936835728111165
Schwarzschild_Zerilli_l2,gravitational_even,90.0,170.0,80.0,0.3740462607403848,0.09014277227892104,0.007709575068009728
Schwarzschild_Zerilli_l2,gravitational_even,100.0,180.0,80.0,0.37371643337694055,0.09066180312357794,0.009342858654351652
Schwarzschild_Zerilli_l2,gravitational_even,110.0,190.0,80.0,0.37385258517785663,0.08792400776427758,0.005722673424503864
Schwarzschild_Zerilli_l2,gravitational_even,120.0,200.0,80.0,0.37376691200999124,0.08408632240681504,0.026480906826349487
Schwarzschild_Zerilli_l2,gravitational_even,130.0,210.0,80.0,0.37292902838535413,0.0855054450706448,0.020349557906928523
Schwarzschild_Zerilli_l2,gravitational_even,140.0,220.0,80.0,0.37385117913078963,0.08939784542531397,0.0032584834654284267
Schwarzschild_Zerilli_l2,gravitational_even,150.0,230.0,80.0,0.37394740550410743,0.09088719186251316,0.011211015610565723
Schwarzschild_Zerilli_l2,gravitational_even,160.0,240.0,80.0,0.37354995274427844,0.08898004440118684,0.0017206031069355076
Schwarzschild_Zerilli_l2,gravitational_even,40.0,140.0,100.0,0.3702023655871696,0.0865952090364073,0.017850033131983516
Schwarzschild_Zerilli_l2,gravitational_even,50.0,150.0,100.0,0.37301471100565575,0.0901086332155362,0.006114400839216917
Schwarzschild_Zerilli_l2,gravitational_even,60.0,160.0,100.0,0.3737771771547239,0.08716530728260467,0.010048108475780531
Schwarzschild_Zerilli_l2,gravitational_even,70.0,170.0,100.0,0.3734781592567695,0.08483838481542594,0.02249336640884493
Schwarzschild_Zerilli_l2,gravitational_even,80.0,180.0,100.0,0.3731918385506528,0.08711412780492793,0.011179977414167824
Schwarzschild_Zerilli_l2,gravitational_even,90.0,190.0,100.0,0.3739713680789072,0.08989257017469561,0.006122088791359289
Schwarzschild_Zerilli_l2,gravitational_even,100.0,200.0,100.0,0.3737112803439047,0.09032317783812706,0.007532398140323399
Schwarzschild_Zerilli_l2,gravitational_even,110.0,210.0,100.0,0.3738062678538628,0.08813172407125151,0.0045660955372112
Schwarzschild_Zerilli_l2,gravitational_even,120.0,220.0,100.0,0.3737550717494603,0.08504415658987563,0.021099947470149188
Schwarzschild_Zerilli_l2,gravitational_even,130.0,230.0,100.0,0.3730711047213671,0.08619503599170307,0.016293498922973517
Schwarzschild_Zerilli_l2,gravitational_even,140.0,240.0,100.0,0.3738138147815999,0.08928273082584136,0.00258350296473893
Schwarzschild_Zerilli_l2,gravitational_even,150.0,250.0,100.0,0.37391344600063103,0.09051734935517511,0.009188693715371678
Schwarzschild_Zerilli_l2,gravitational_even,160.0,260.0,100.0,0.3735264867484701,0.08897165902501776,0.0019387066446902915
