metric_id,display_name,symmetry,registry_status,source_reference,source_url,metric_available,theory_specified,action_or_field_equations,background_solution_of_theory,rotating_extension_control,horizon_regular_check,geodesic_observables,qpo_observables,scalar_perturbations,em_perturbations,gravitational_perturbations,qnm_spectrum_or_fits,waveform_model,notes
Kerr_GR,Kerr black hole,rotating,baseline,GR Kerr solution,,yes,yes,yes,yes,yes,yes,yes,yes,yes,yes,yes,yes,yes,"Calibration baseline; rigorous ringdown through GR perturbation theory and published QNM fits/tables."
Schwarzschild_GR,Schwarzschild black hole,static,baseline,GR Schwarzschild solution,,yes,yes,yes,yes,yes,yes,yes,limited,yes,yes,yes,yes,yes,"Static a=0 baseline for supplied-potential and QNM checks."
ReissnerNordstrom_EinsteinMaxwell,Reissner-Nordstrom black hole,static,reference_case,Einstein-Maxwell solution,,yes,yes,yes,yes,yes,partial,yes,limited,yes,yes,yes,yes,no,"Theory-backed reference case; astrophysical interpretation requires charge caveats."
Johannsen_2013_Parametric,Johannsen parametric black hole metric,rotating,literature_candidate,Johannsen regular black hole metric with three constants of motion,https://arxiv.org/abs/1501.02809,yes,partial,no,no,phenomenological,yes,yes,yes,unknown,unknown,no,no,no,"Parametric Kerr-like spacetime for no-hair tests; treat as geodesic/QPO level until a perturbation sector is supplied."
KRZ_2016_Axisymmetric,Konoplya-Rezzolla-Zhidenko axisymmetric parametrization,rotating,literature_candidate,KRZ general parametrization of axisymmetric black holes,https://arxiv.org/abs/1602.02378,yes,partial,no,partial,parametric_framework,partial,yes,yes,unknown,unknown,unknown,unknown,no,"Parametric framework for stationary axisymmetric black holes in metric theories; classify concrete instantiated metrics separately."
Bardeen_BambiModesto_2013,Rotating Bardeen regular black hole,rotating,literature_candidate,Bambi-Modesto rotating regular black-hole metric,https://arxiv.org/abs/1302.6075,yes,partial,partial,partial,phenomenological_newman_janis,partial,yes,yes,unknown,unknown,no,no,no,"Exact Kerr limit at g=0; use for geodesic/QPO screening only. The rotating construction and matter interpretation require explicit caveats."
Toy_JP_Epsilon3,Johannsen-Psaltis-like epsilon3 toy,rotating,diagnostic_toy,manual_literature_review_required,,yes,partial,no,no,phenomenological,partial,yes,yes,unknown,unknown,no,no,no,"Geodesic/QPO-style toy deformation used here only to exercise the rotating diagnostic branch."
Generic_QPO_RotatingMetric_Template,Generic rotating QPO metric template,rotating,template,user_supplied_paper_required,,yes,unknown,unknown,unknown,unknown,unknown,yes,yes,unknown,unknown,unknown,unknown,no,"Use this row as a template when a new QPO/shadow metric appears in the literature."
HigherDerivativeVacuumEFT_Cano2024,Higher-derivative vacuum-gravity EFT rotating black holes,rotating,theory_backed_ringdown,Cano et al. complete higher-derivative Kerr QNM corrections,https://arxiv.org/abs/2409.04517,yes,yes,yes,yes,yes,partial,partial,no,unknown,unknown,yes,yes,no,"Level-4 spectral model at first order in small EFT couplings; public fits cover l=2,3,4 and n=0,1,2 with both polarizations. Accuracy and linear-regime limits are mode dependent; no merger excitation or full waveform model is supplied."
