"scenario","description","delta_f_bound","domega_lower","samples","df221_mean","dtau221_mean","df221_sigma","dtau221_sigma","df_dtau_correlation","operator","polarization","dlnf221_dalpha","dlntau221_dalpha","alpha_best","alpha_sigma","alpha_q05","alpha_q95","zero_inside_90pct","sigma_from_alpha0","chi2_best","chi2_alpha0"
"strict_df_bound_0p5","stricter lower-tail cut than the public Figure 4 script",0.5,-0.3934693402873666,61594.,0.24282527432750498,0.06901339947173113,0.1884710072964904,0.43891383748663426,0.00800576631995036,"lambda_ev","plus",-0.6417653593128632,-1.251644292330667,-0.24534860054615917,0.2260344866474157,-0.617142245724275,0.1264450446319567,1.,1.0854476420178794,0.50335494100089,1.6815515245630641
"strict_df_bound_0p5","stricter lower-tail cut than the public Figure 4 script",0.5,-0.3934693402873666,61594.,0.24282527432750498,0.06901339947173113,0.1884710072964904,0.43891383748663426,0.00800576631995036,"lambda_ev","minus",-0.10575027336632066,2.915395851594863,0.005701671262951942,0.14991062009598705,-0.24087935592047663,0.2522826984463805,1.,0.038033804805164606,1.6801049542551068,1.6815515245630641
"strict_df_bound_0p5","stricter lower-tail cut than the public Figure 4 script",0.5,-0.3934693402873666,61594.,0.24282527432750498,0.06901339947173113,0.1884710072964904,0.43891383748663426,0.00800576631995036,"lambda_odd","plus",0.38310592655174863,2.072338916513116,0.12599723192620693,0.19509597130323406,-0.19490708407553792,0.4469015479279518,1.,0.6458218029032069,1.2644657234579155,1.6815515245630641
"strict_df_bound_0p5","stricter lower-tail cut than the public Figure 4 script",0.5,-0.3934693402873666,61594.,0.24282527432750498,0.06901339947173113,0.1884710072964904,0.43891383748663426,0.00800576631995036,"lambda_odd","minus",-0.38310592655174863,-2.072338916513116,-0.12599723192620693,0.19509597130323406,-0.4469015479279518,0.19490708407553792,1.,0.6458218029032069,1.2644657234579155,1.6815515245630641
"strict_df_bound_0p5","stricter lower-tail cut than the public Figure 4 script",0.5,-0.3934693402873666,61594.,0.24282527432750498,0.06901339947173113,0.1884710072964904,0.43891383748663426,0.00800576631995036,"epsilon1","plus",-2.0008221336699696,-0.08178538463929542,-0.1214838046011341,0.09419249017578023,-0.2764166636983571,0.03344905449608891,1.,1.2897398123186186,0.018122741083398706,1.6815515245630641
"strict_df_bound_0p5","stricter lower-tail cut than the public Figure 4 script",0.5,-0.3934693402873666,61594.,0.24282527432750498,0.06901339947173113,0.1884710072964904,0.43891383748663426,0.00800576631995036,"epsilon1","minus",-7.339749282387388,-8.813353389934536,-0.02782796340045786,0.022896952465508963,-0.06549009870948573,0.009834171908570014,1.,1.2153566481118732,0.20445974245333684,1.6815515245630641
"strict_df_bound_0p5","stricter lower-tail cut than the public Figure 4 script",0.5,-0.3934693402873666,61594.,0.24282527432750498,0.06901339947173113,0.1884710072964904,0.43891383748663426,0.00800576631995036,"epsilon2","plus",-2.890404467020634,-2.4172945672716226,-0.07778487615966007,0.061523429330845966,-0.17898191203699465,0.023412159717674505,1.,1.2643130756149366,0.08306397139216375,1.6815515245630641
"strict_df_bound_0p5","stricter lower-tail cut than the public Figure 4 script",0.5,-0.3934693402873666,61594.,0.24282527432750498,0.06901339947173113,0.1884710072964904,0.43891383748663426,0.00800576631995036,"epsilon2","minus",-7.915026350736427,-5.365576612648539,-0.029319699381973898,0.022911400731798662,-0.06700559997421154,0.008366201210263744,1.,1.2796991212013145,0.04392168375964767,1.6815515245630641
"strict_df_bound_0p5","stricter lower-tail cut than the public Figure 4 script",0.5,-0.3934693402873666,61594.,0.24282527432750498,0.06901339947173113,0.1884710072964904,0.43891383748663426,0.00800576631995036,"epsilon3","plus",-0.12263191063903157,-1.3916133290538466,-0.12480460468330128,0.3094387292770751,-0.633786020853953,0.38417681148735044,1.,0.4033257406882306,1.5188798714613543,1.6815515245630641
"strict_df_bound_0p5","stricter lower-tail cut than the public Figure 4 script",0.5,-0.3934693402873666,61594.,0.24282527432750498,0.06901339947173113,0.1884710072964904,0.43891383748663426,0.00800576631995036,"epsilon3","minus",0.12263191063903157,1.3916133290538466,0.12480460468330128,0.3094387292770751,-0.38417681148735044,0.633786020853953,1.,0.4033257406882306,1.5188798714613543,1.6815515245630641
"public_df_bound_0p8","same lower-tail cut as the public Figure 4 script",0.8,-0.5506710358827784,61834.,0.23945757245936086,0.06695584126597573,0.19575697955557836,0.44112739988441646,0.02817430527894002,"lambda_ev","plus",-0.6417653593128632,-1.251644292330667,-0.23689538823056303,0.23383368171013688,-0.6215175676948979,0.14772679123377178,1.,1.0130935222763224,0.48372998345136364,1.5100884683296087
"public_df_bound_0p8","same lower-tail cut as the public Figure 4 script",0.8,-0.5506710358827784,61834.,0.23945757245936086,0.06695584126597573,0.19575697955557836,0.44112739988441646,0.02817430527894002,"lambda_ev","minus",-0.10575027336632066,2.915395851594863,0.002645660191536755,0.15040310733300022,-0.24474543640992022,0.25003675679299375,1.,0.017590462314578073,1.5097790439651682,1.5100884683296087
"public_df_bound_0p8","same lower-tail cut as the public Figure 4 script",0.8,-0.5506710358827784,61834.,0.23945757245936086,0.06695584126597573,0.19575697955557836,0.44112739988441646,0.02817430527894002,"lambda_odd","plus",0.38310592655174863,2.072338916513116,0.11570286973678291,0.19841233864297464,-0.21065638511203766,0.44206212458560346,1.,0.5831435208521986,1.1700321024177103,1.5100884683296087
"public_df_bound_0p8","same lower-tail cut as the public Figure 4 script",0.8,-0.5506710358827784,61834.,0.23945757245936086,0.06695584126597573,0.19575697955557836,0.44112739988441646,0.02817430527894002,"lambda_odd","minus",-0.38310592655174863,-2.072338916513116,-0.11570286973678291,0.19841233864297464,-0.44206212458560346,0.21065638511203766,1.,0.5831435208521986,1.1700321024177103,1.5100884683296087
"public_df_bound_0p8","same lower-tail cut as the public Figure 4 script",0.8,-0.5506710358827784,61834.,0.23945757245936086,0.06695584126597573,0.19575697955557836,0.44112739988441646,0.02817430527894002,"epsilon1","plus",-2.0008221336699696,-0.08178538463929542,-0.11955226450879727,0.09783334194265073,-0.2804737918399499,0.04136926282235537,1.,1.2219991889766788,0.0168064504699481,1.5100884683296087
"public_df_bound_0p8","same lower-tail cut as the public Figure 4 script",0.8,-0.5506710358827784,61834.,0.23945757245936086,0.06695584126597573,0.19575697955557836,0.44112739988441646,0.02817430527894002,"epsilon1","minus",-7.339749282387388,-8.813353389934536,-0.027257077642481753,0.02380837355590317,-0.0664183672377246,0.011904211952761097,1.,1.1448525695583893,0.19940106230516189,1.5100884683296087
"public_df_bound_0p8","same lower-tail cut as the public Figure 4 script",0.8,-0.5506710358827784,61834.,0.23945757245936086,0.06695584126597573,0.19575697955557836,0.44112739988441646,0.02817430527894002,"epsilon2","plus",-2.890404467020634,-2.4172945672716226,-0.07656080743810888,0.06406102516466163,-0.18193181702643207,0.028810202150214334,1.,1.195123044648723,0.08176937647917469,1.5100884683296087
"public_df_bound_0p8","same lower-tail cut as the public Figure 4 script",0.8,-0.5506710358827784,61834.,0.23945757245936086,0.06695584126597573,0.19575697955557836,0.44112739988441646,0.02817430527894002,"epsilon2","minus",-7.915026350736427,-5.365576612648539,-0.028895506472570304,0.023860643383871276,-0.06814277228392662,0.010351759338786015,1.,1.2110112040022514,0.043540332110626315,1.5100884683296087
"public_df_bound_0p8","same lower-tail cut as the public Figure 4 script",0.8,-0.5506710358827784,61834.,0.23945757245936086,0.06695584126597573,0.19575697955557836,0.44112739988441646,0.02817430527894002,"epsilon3","plus",-0.12263191063903157,-1.3916133290538466,-0.11079039395312433,0.31248198470331445,-0.6247775198493655,0.40319673194311684,1.,0.35454970006771475,1.3843829785115023,1.5100884683296087
"public_df_bound_0p8","same lower-tail cut as the public Figure 4 script",0.8,-0.5506710358827784,61834.,0.23945757245936086,0.06695584126597573,0.19575697955557836,0.44112739988441646,0.02817430527894002,"epsilon3","minus",0.12263191063903157,1.3916133290538466,0.11079039395312433,0.31248198470331445,-0.40319673194311684,0.6247775198493655,1.,0.35454970006771475,1.3843829785115023,1.5100884683296087
"loose_df_bound_1p2","looser lower-tail cut than the public Figure 4 script",1.2,-0.6988057880877978,62015.,0.23587636681734256,0.06547180369189218,0.20646838070104823,0.4428883420565068,0.04625406493954726,"lambda_ev","plus",-0.6417653593128632,-1.251644292330667,-0.22560457981489793,0.2434553149580384,-0.6260529376242404,0.17484377799444453,1.,0.9266775705996921,0.4554645385290793,1.3141958583816267
"loose_df_bound_1p2","looser lower-tail cut than the public Figure 4 script",1.2,-0.6988057880877978,62015.,0.23587636681734256,0.06547180369189218,0.20646838070104823,0.4428883420565068,0.04625406493954726,"lambda_ev","minus",-0.10575027336632066,2.915395851594863,0.0009937813331715665,0.15075541367912298,-0.24697680763950344,0.2489643703058466,1.,0.006592010919654446,1.3141524037736618,1.3141958583816267
"loose_df_bound_1p2","looser lower-tail cut than the public Figure 4 script",1.2,-0.6988057880877978,62015.,0.23587636681734256,0.06547180369189218,0.20646838070104823,0.4428883420565068,0.04625406493954726,"lambda_odd","plus",0.38310592655174863,2.072338916513116,0.10400092696612094,0.2016736795802692,-0.22772275635213385,0.43572461028437576,1.,0.5156891428895013,1.0482605662875182,1.3141958583816267
"loose_df_bound_1p2","looser lower-tail cut than the public Figure 4 script",1.2,-0.6988057880877978,62015.,0.23587636681734256,0.06547180369189218,0.20646838070104823,0.4428883420565068,0.04625406493954726,"lambda_odd","minus",-0.38310592655174863,-2.072338916513116,-0.10400092696612094,0.2016736795802692,-0.43572461028437576,0.22772275635213385,1.,0.5156891428895013,1.0482605662875182,1.3141958583816267
"loose_df_bound_1p2","looser lower-tail cut than the public Figure 4 script",1.2,-0.6988057880877978,62015.,0.23587636681734256,0.06547180369189218,0.20646838070104823,0.4428883420565068,0.04625406493954726,"epsilon1","plus",-2.0008221336699696,-0.08178538463929542,-0.11753542414886071,0.10315354314402327,-0.28720790372220256,0.05213705542448112,1.,1.139422074768265,0.015913193912408963,1.3141958583816267
"loose_df_bound_1p2","looser lower-tail cut than the public Figure 4 script",1.2,-0.6988057880877978,62015.,0.23587636681734256,0.06547180369189218,0.20646838070104823,0.4428883420565068,0.04625406493954726,"epsilon1","minus",-7.339749282387388,-8.813353389934536,-0.02650679987716096,0.025017922619753587,-0.06765762063705393,0.014644020882732006,1.,1.0595124255533428,0.19162927847969918,1.3141958583816267
"loose_df_bound_1p2","looser lower-tail cut than the public Figure 4 script",1.2,-0.6988057880877978,62015.,0.23587636681734256,0.06547180369189218,0.20646838070104823,0.4428883420565068,0.04625406493954726,"epsilon2","plus",-2.890404467020634,-2.4172945672716226,-0.075061144961488,0.06754755755250662,-0.18616698999344183,0.03604470007046583,1.,1.1112340354148387,0.0793547769172797,1.3141958583816267
"loose_df_bound_1p2","looser lower-tail cut than the public Figure 4 script",1.2,-0.6988057880877978,62015.,0.23587636681734256,0.06547180369189218,0.20646838070104823,0.4428883420565068,0.04625406493954726,"epsilon2","minus",-7.915026350736427,-5.365576612648539,-0.028399679743461047,0.025183428612216306,-0.06982273363533852,0.013023374148416422,1.,1.127712996541089,0.042459255813944434,1.3141958583816267
"loose_df_bound_1p2","looser lower-tail cut than the public Figure 4 script",1.2,-0.6988057880877978,62015.,0.23587636681734256,0.06547180369189218,0.20646838070104823,0.4428883420565068,0.04625406493954726,"epsilon3","plus",-0.12263191063903157,-1.3916133290538466,-0.09678075453248342,0.31505362275471427,-0.614997848604776,0.42143633953980925,1.,0.30718819763527117,1.2198312696152203,1.3141958583816267
"loose_df_bound_1p2","looser lower-tail cut than the public Figure 4 script",1.2,-0.6988057880877978,62015.,0.23587636681734256,0.06547180369189218,0.20646838070104823,0.4428883420565068,0.04625406493954726,"epsilon3","minus",0.12263191063903157,1.3916133290538466,0.09678075453248342,0.31505362275471427,-0.42143633953980925,0.614997848604776,1.,0.30718819763527117,1.2198312696152203,1.3141958583816267
"positive_domain_only","only require positive log-domain variables","Infinity","-Infinity",62777.,0.2027818643175218,0.06390052871718997,0.3837340795431159,0.44575449140150086,0.041312496029231545,"lambda_ev","plus",-0.6417653593128632,-1.251644292330667,-0.11804647493351002,0.31142198988449804,-0.6302900645074714,0.3941971146404513,1.,0.379056324755011,0.1503619867775888,0.29404568411436516
"positive_domain_only","only require positive log-domain variables","Infinity","-Infinity",62777.,0.2027818643175218,0.06390052871718997,0.3837340795431159,0.44575449140150086,0.041312496029231545,"lambda_ev","minus",-0.10575027336632066,2.915395851594863,0.015134513045186043,0.15236623841349842,-0.23548564683420958,0.26575467292458166,1.,0.09932983318859225,0.2841792683530916,0.29404568411436516
"positive_domain_only","only require positive log-domain variables","Infinity","-Infinity",62777.,0.2027818643175218,0.06390052871718997,0.3837340795431159,0.44575449140150086,0.041312496029231545,"lambda_odd","plus",0.38310592655174863,2.072338916513116,0.0488879077176266,0.2119282536205183,-0.2997030489035744,0.39747886433882756,1.,0.2306814069499482,0.24083177260195754,0.29404568411436516
"positive_domain_only","only require positive log-domain variables","Infinity","-Infinity",62777.,0.2027818643175218,0.06390052871718997,0.3837340795431159,0.44575449140150086,0.041312496029231545,"lambda_odd","minus",-0.38310592655174863,-2.072338916513116,-0.0488879077176266,0.2119282536205183,-0.39747886433882756,0.2997030489035744,1.,0.2306814069499482,0.24083177260195754,0.29404568411436516
"positive_domain_only","only require positive log-domain variables","Infinity","-Infinity",62777.,0.2027818643175218,0.06390052871718997,0.3837340795431159,0.44575449140150086,0.041312496029231545,"epsilon1","plus",-2.0008221336699696,-0.08178538463929542,-0.10120249791185114,0.1917845997129845,-0.41666009234319,0.2142550965194877,1.,0.5276883444411381,0.015590695255335916,0.29404568411436516
"positive_domain_only","only require positive log-domain variables","Infinity","-Infinity",62777.,0.2027818643175218,0.06390052871718997,0.3837340795431159,0.44575449140150086,0.041312496029231545,"epsilon1","minus",-7.339749282387388,-8.813353389934536,-0.01708704218639064,0.03709394250093954,-0.0781011480469904,0.04392706367420912,1.,0.4606423861782244,0.08185427617039674,0.29404568411436516
"positive_domain_only","only require positive log-domain variables","Infinity","-Infinity",62777.,0.2027818643175218,0.06390052871718997,0.3837340795431159,0.44575449140150086,0.041312496029231545,"epsilon2","plus",-2.890404467020634,-2.4172945672716226,-0.055513638404318125,0.10982357620615883,-0.2361573460517999,0.1251300692431636,1.,0.5054801557373158,0.03853549627014416,0.29404568411436516
"positive_domain_only","only require positive log-domain variables","Infinity","-Infinity",62777.,0.2027818643175218,0.06390052871718997,0.3837340795431159,0.44575449140150086,0.041312496029231545,"epsilon2","minus",-7.915026350736427,-5.365576612648539,-0.02226259478946094,0.04261062228486132,-0.09235083140137432,0.04782564182245244,1.,0.5224658452681267,0.021075124642627143,0.29404568411436516
"positive_domain_only","only require positive log-domain variables","Infinity","-Infinity",62777.,0.2027818643175218,0.06390052871718997,0.3837340795431159,0.44575449140150086,0.041312496029231545,"epsilon3","plus",-0.12263191063903157,-1.3916133290538466,-0.055945286755237834,0.3197185872453194,-0.581835564589502,0.4699449910790264,1.,0.17498290367557262,0.26342666753563043,0.29404568411436516
"positive_domain_only","only require positive log-domain variables","Infinity","-Infinity",62777.,0.2027818643175218,0.06390052871718997,0.3837340795431159,0.44575449140150086,0.041312496029231545,"epsilon3","minus",0.12263191063903157,1.3916133290538466,0.055945286755237834,0.3197185872453194,-0.4699449910790264,0.581835564589502,1.,0.17498290367557262,0.26342666753563043,0.29404568411436516
